No,Symbol,Operation
1,ABM,dividends
2,APLO,dividends
3,BKUTK,dividends
4,BORT,dividends
5,CCFN,dividends
6,CPKF,dividends
7,CSVI,dividends
8,EXSR,dividends
9,FBVA,dividends
10,FFMR,dividends
11,FRAF,dividends
12,HLAN,dividends
13,HONT,dividends
14,LYBC,dividends
15,MNAT,dividends
16,MYBF,dividends
17,NIDB,dividends
18,PNBI,dividends
19,PPLL,dividends
20,PSBQ,dividends
21,SOMC,dividends
22,STBI,dividends
23,TRUX,dividends
24,TYBT,dividends
25,TYCB,dividends
26,WDFN,dividends
27,WMPN,dividends
28,WTBFA,dividends
1,ABBV,splits
2,ACC,splits
3,ACN,splits
4,ADC,splits
5,AEE,splits
6,AEL,splits
7,AEM,splits
8,AEP,splits
9,AGO,splits
10,AIRC,splits
11,AIZ,splits
12,AL,splits
13,ALG,splits
14,ALLE,splits
15,ALTA,splits
16,AMP,splits
17,AMSF,splits
18,AMT,splits
19,APLO,splits
20,AQN,splits
21,AROW,splits
22,AVGO,splits
23,AVNT,splits
24,AWK,splits
25,BAH,splits
26,BKUTK,splits
27,BORT,splits
28,BPY,splits
29,BR,splits
30,BWFG,splits
31,CABO,splits
32,CBOE,splits
33,CCFN,splits
34,CCI,splits
35,CCMP,splits
36,CDW,splits
37,CE,splits
38,CFG,splits
39,CHCT,splits
40,CMS,splits
41,CNO,splits
42,CNS,splits
43,CONE,splits
44,CPKF,splits
45,CPT,splits
46,CQP,splits
47,CRAI,splits
48,CSVI,splits
49,CTRE,splits
50,CUBE,splits
51,CVGW,splits
52,DEI,splits
53,DFS,splits
54,DG,splits
55,DKL,splits
56,DLB,splits
57,DLR,splits
58,DOX,splits
59,DPZ,splits
60,EFSC,splits
61,EIG,splits
62,EMCF,splits
63,ESS,splits
64,ETR,splits
65,EVA,splits
66,EVR,splits
67,EXR,splits
68,EXSR,splits
69,FAF,splits
70,FBHS,splits
71,FBVA,splits
72,FCPT,splits
73,FFMR,splits
74,FFNW,splits
75,FIBK,splits
76,FISI,splits
77,FIX,splits
78,FMBM,splits
79,FNV,splits
80,FR,splits
81,FRC,splits
82,FSBW,splits
83,FSFG,splits
84,FSV,splits
85,G,splits
86,GAIN,splits
87,GBX,splits
88,GS,splits
89,HBCP,splits
90,HCKT,splits
91,HESM,splits
92,HFBL,splits
93,HI,splits
94,HII,splits
95,HLAN,splits
96,HLI,splits
97,HONT,splits
98,HTH,splits
99,HURC,splits
100,HY,splits
101,IBTX,splits
102,IIPR,splits
103,ISTR,splits
104,JOUT,splits
105,KALU,splits
106,KNSL,splits
107,KW,splits
108,LAD,splits
109,LAND,splits
110,LAZ,splits
111,LII,splits
112,LMAT,splits
113,LW,splits
114,LYB,splits
115,LYBC,splits
116,MAA,splits
117,MAIN,splits
118,MAN,splits
119,MDLZ,splits
120,MED,splits
121,MGP,splits
122,MKTX,splits
123,MLM,splits
124,MNAT,splits
125,MOFG,splits
126,MORN,splits
127,MPLX,splits
128,MPW,splits
129,MSBI,splits
130,MSCI,splits
131,MWA,splits
132,MYBF,splits
133,NDAQ,splits
134,NEP,splits
135,NHC,splits
136,NHI,splits
137,NIDB,splits
138,NNI,splits
139,NNN,splits
140,NP,splits
141,NPO,splits
142,NSA,splits
143,NUS,splits
144,NWE,splits
145,NXRT,splits
146,NXST,splits
147,OC,splits
148,OGS,splits
149,OHI,splits
150,OLED,splits
151,PETS,splits
152,PFG,splits
153,PLD,splits
154,PM,splits
155,PNBI,splits
156,POR,splits
157,PPLL,splits
158,PRI,splits
159,PRU,splits
160,PSBQ,splits
161,PSX,splits
162,PSXP,splits
163,QSR,splits
164,QTS,splits
165,RE,splits
166,REG,splits
167,REXR,splits
168,RGA,splits
169,RGLD,splits
170,RMAX,splits
171,SFBC,splits
172,SHLX,splits
173,SJM,splits
174,SOMC,splits
175,SPTN,splits
176,SRE,splits
177,STAG,splits
178,STBI,splits
179,STOR,splits
180,SWX,splits
181,SYX,splits
182,TAIT,splits
183,TBNK,splits
184,TEL,splits
185,TFSL,splits
186,THG,splits
187,TRI,splits
188,TRNO,splits
189,TRUX,splits
190,TTEC,splits
191,TYBT,splits
192,TYCB,splits
193,UHT,splits
194,UPS,splits
195,UTMD,splits
196,VALU,splits
197,VVV,splits
198,WDFN,splits
199,WLKP,splits
200,WM,splits
201,WMPN,splits
202,WMS,splits
203,WPC,splits
204,WTBFA,splits
205,WU,splits
206,XYL,splits
207,ZTS,splits
1,ABM,cashflows
2,ABT,cashflows
3,APLO,cashflows
4,BKUTK,cashflows
5,BORT,cashflows
6,CCFN,cashflows
7,CPKF,cashflows
8,CSVI,cashflows
9,EXSR,cashflows
10,FBVA,cashflows
11,FFMR,cashflows
12,HLAN,cashflows
13,HONT,cashflows
14,LYBC,cashflows
15,MNAT,cashflows
16,MYBF,cashflows
17,NIDB,cashflows
18,PNBI,cashflows
19,PPLL,cashflows
20,PSBQ,cashflows
21,SOMC,cashflows
22,STBI,cashflows
23,TRUX,cashflows
24,TYBT,cashflows
25,TYCB,cashflows
26,WDFN,cashflows
27,WMPN,cashflows
28,WTBFA,cashflows
1,ACN,incomes
2,APLO,incomes
3,BKUTK,incomes
4,BORT,incomes
5,CCFN,incomes
6,CPKF,incomes
7,CSVI,incomes
8,EXSR,incomes
9,FBVA,incomes
10,FFMR,incomes
11,HLAN,incomes
12,HONT,incomes
13,LYBC,incomes
14,MNAT,incomes
15,MYBF,incomes
16,NIDB,incomes
17,PNBI,incomes
18,PPLL,incomes
19,PSBQ,incomes
20,SOMC,incomes
21,STBI,incomes
22,TRUX,incomes
23,TYBT,incomes
24,TYCB,incomes
25,WDFN,incomes
26,WMPN,incomes
27,WTBFA,incomes
1,ABM,prices
2,APLO,prices
3,BKUTK,prices
4,BORT,prices
5,CCFN,prices
6,CPKF,prices
7,CSVI,prices
8,EXSR,prices
9,FBVA,prices
10,FFMR,prices
11,HLAN,prices
12,HONT,prices
13,LYBC,prices
14,MNAT,prices
15,MO,prices
16,MYBF,prices
17,NIDB,prices
18,PNBI,prices
19,PPLL,prices
20,PSBQ,prices
21,SOMC,prices
22,STBI,prices
23,TRUX,prices
24,TYBT,prices
25,TYCB,prices
26,WDFN,prices
27,WMPN,prices
28,WTBFA,prices
